status;id_empresa;id_unidade;agente;nome_filial;detalhe
OK;0167;001;ABASTECEDORA MIRELA;ABASTECEDORA MIRELA;B:\NOVO00_Nossos_Clientes\ABASTECEDORA MIRELA - 0167\ABASTECEDORA MIRELA - 001 | novas:12 existentes:20
OK;0139;001;ABDTUR CL;ABDTUR;B:\NOVO00_Nossos_Clientes\ABDTUR CL - 0139\ABDTUR - 001 | novas:12 existentes:20
OK;0017;001;ADIB PEIXOTO;ADIB PEIXOTO;B:\NOVO00_Nossos_Clientes\ADIB PEIXOTO - 0017\ADIB PEIXOTO - 001 | novas:12 existentes:20
OK;0231;001;AGRIHOR PECAS AGRICOLAS LTDA;AGRIHOR PECAS AGRICOLAS LTDA;B:\NOVO00_Nossos_Clientes\AGRIHOR PECAS AGRICOLAS LTDA - 0231\AGRIHOR PECAS AGRICOLAS LTDA - 001 | novas:12 existentes:20
OK;0049;001;ALCAR;ALCAR;B:\NOVO00_Nossos_Clientes\ALCAR - 0049\ALCAR - 001 | novas:12 existentes:20
OK;0169;001;ALEGROW CONVENIENCIAS;ALEGROW CONVENIENCIAS;B:\NOVO00_Nossos_Clientes\ALEGROW CONVENIENCIAS - 0169\ALEGROW CONVENIENCIAS - 001 | novas:12 existentes:20
OK;0103;001;ALERT;ALERT;B:\NOVO00_Nossos_Clientes\ALERT - 0103\ALERT - 001 | novas:12 existentes:20
OK;0214;001;ALIMENTOS N BONN;ALIMENTOS N BONN;B:\NOVO00_Nossos_Clientes\ALIMENTOS N BONN - 0214\ALIMENTOS N BONN - 001 | novas:12 existentes:20
OK;0265;001;ALIMENTOS TRIANGULO;ALIMENTOS TRIANGULO;B:\NOVO00_Nossos_Clientes\ALIMENTOS TRIANGULO - 0265\ALIMENTOS TRIANGULO - 001 | novas:12 existentes:20
OK;0203;001;ALLIN NUTRI;ALLIN NUTRI;B:\NOVO00_Nossos_Clientes\ALLIN NUTRI - 0203\ALLIN NUTRI - 001 | novas:12 existentes:20
OK;0065;001;ALUTRAT;ALUTRAT;B:\NOVO00_Nossos_Clientes\ALUTRAT - 0065\ALUTRAT - 001 | novas:12 existentes:20
OK;0100;001;AMAZON VIDROS;AMAZON VIDROS;B:\NOVO00_Nossos_Clientes\AMAZON VIDROS - 0100\AMAZON VIDROS - 001 | novas:12 existentes:20
OK;0170;001;AMX CL;AMX;B:\NOVO00_Nossos_Clientes\AMX CL - 0170\AMX - 001 | novas:12 existentes:20
OK;0187;001;AND;AND;B:\NOVO00_Nossos_Clientes\AND - 0187\AND - 001 | novas:12 existentes:20
OK;0111;001;ANIDRO;ANIDRO BOTUCATU;B:\NOVO00_Nossos_Clientes\ANIDRO - 0111\ANIDRO BOTUCATU - 001 | novas:12 existentes:20
OK;0111;002;ANIDRO;ANIDRO CAMPINAS;B:\NOVO00_Nossos_Clientes\ANIDRO - 0111\ANIDRO CAMPINAS - 002 | novas:12 existentes:20
OK;0111;003;ANIDRO;ANIDRO PARNAIBA;B:\NOVO00_Nossos_Clientes\ANIDRO - 0111\ANIDRO PARNAIBA - 003 | novas:12 existentes:20
OK;0188;001;ANODILAR;ANODILAR;B:\NOVO00_Nossos_Clientes\ANODILAR - 0188\ANODILAR - 001 | novas:12 existentes:20
OK;0024;001;ARCUS GRÁFICA;ARCUS GRÁFICA;B:\NOVO00_Nossos_Clientes\ARCUS GRÁFICA - 0024\ARCUS GRÁFICA - 001 | novas:12 existentes:20
OK;0074;001;AREIA GOIAS;AREIA GOIAS;B:\NOVO00_Nossos_Clientes\AREIA GOIAS - 0074\AREIA GOIAS - 001 | novas:12 existentes:20
OK;0254;001;AREIAL DO VALE;AREIAL DO VALE;B:\NOVO00_Nossos_Clientes\AREIAL DO VALE - 0254\AREIAL DO VALE - 001 | novas:12 existentes:20
OK;0222;001;AREIAS SALIONI;AREIAS SALIONI;B:\NOVO00_Nossos_Clientes\AREIAS SALIONI - 0222\AREIAS SALIONI - 001 | novas:12 existentes:20
OK;0088;001;ATOLINI;ATOLINI VIDROS;B:\NOVO00_Nossos_Clientes\ATOLINI - 0088\ATOLINI VIDROS - 001 | novas:12 existentes:20
OK;0088;002;ATOLINI;VISION GLASS;B:\NOVO00_Nossos_Clientes\ATOLINI - 0088\VISION GLASS - 002 | novas:12 existentes:20
OK;0140;001;AZUL RAFIA CL;AZUL RAFIA CL;B:\NOVO00_Nossos_Clientes\AZUL RAFIA CL - 0140\AZUL RAFIA CL - 001 | novas:12 existentes:20
OK;0153;001;BANDEIRANTES;BANDEIRANTES;B:\NOVO00_Nossos_Clientes\BANDEIRANTES - 0153\BANDEIRANTES - 001 | novas:12 existentes:20
OK;0153;002;BANDEIRANTES;BANDEIRANTES SEDE;B:\NOVO00_Nossos_Clientes\BANDEIRANTES - 0153\BANDEIRANTES SEDE - 002 | novas:12 existentes:20
OK;0153;003;BANDEIRANTES;BANDEIRANTES FEIJÓ;B:\NOVO00_Nossos_Clientes\BANDEIRANTES - 0153\BANDEIRANTES FEIJÓ - 003 | novas:12 existentes:20
OK;0007;001;BBS;BBS M;B:\NOVO00_Nossos_Clientes\BBS - 0007\BBS M - 001 | novas:12 existentes:20
OK;0007;002;BBS;BBS F;B:\NOVO00_Nossos_Clientes\BBS - 0007\BBS F - 002 | novas:12 existentes:20
OK;0034;001;BEAPLAST;BEAPLAST M;B:\NOVO00_Nossos_Clientes\BEAPLAST - 0034\BEAPLAST M - 001 | novas:12 existentes:20
OK;0034;002;BEAPLAST;BEAPLAST F;B:\NOVO00_Nossos_Clientes\BEAPLAST - 0034\BEAPLAST F - 002 | novas:12 existentes:20
OK;0027;001;BERLINERLUFT;BERLINERLUFT;B:\NOVO00_Nossos_Clientes\BERLINERLUFT - 0027\BERLINERLUFT - 001 | novas:12 existentes:20
OK;0001;001;BIEHL METALURGICA;CMAK;B:\NOVO00_Nossos_Clientes\BIEHL METALURGICA - 0001\CMAK - 001 | novas:12 existentes:20
OK;0226;001;BIOMETAL;BIOMETAL;B:\NOVO00_Nossos_Clientes\BIOMETAL - 0226\BIOMETAL - 001 | novas:12 existentes:20
OK;0028;001;BISCOITO JUVIS;BISCOITO JUVIS;B:\NOVO00_Nossos_Clientes\BISCOITO JUVIS - 0028\BISCOITO JUVIS - 001 | novas:12 existentes:20
OK;0068;001;BLASS COMPONENTES;BLASS COMPONENTES;B:\NOVO00_Nossos_Clientes\BLASS COMPONENTES - 0068\BLASS COMPONENTES - 001 | novas:12 existentes:20
OK;0066;001;BOI BAIO;BOI BAIO;B:\NOVO00_Nossos_Clientes\BOI BAIO - 0066\BOI BAIO - 001 | novas:12 existentes:20
OK;0112;001;BOTTCHER;BOTTCHER;B:\NOVO00_Nossos_Clientes\BOTTCHER - 0112\BOTTCHER - 001 | novas:12 existentes:20
OK;0171;001;BOX PALMILHAS;BOX PALMILHAS;B:\NOVO00_Nossos_Clientes\BOX PALMILHAS - 0171\BOX PALMILHAS - 001 | novas:12 existentes:20
OK;0055;001;BRASIL TEMPER;BRASIL TEMPER MATRIZ;B:\NOVO00_Nossos_Clientes\BRASIL TEMPER - 0055\BRASIL TEMPER MATRIZ - 001 | novas:12 existentes:20
OK;0055;002;BRASIL TEMPER;BRASIL TEMPER FILIAL;B:\NOVO00_Nossos_Clientes\BRASIL TEMPER - 0055\BRASIL TEMPER FILIAL - 002 | novas:12 existentes:20
OK;0113;001;BRITA FUCHS;BRITA FUCHS;B:\NOVO00_Nossos_Clientes\BRITA FUCHS - 0113\BRITA FUCHS - 001 | novas:12 existentes:20
OK;0056;001;BRITA IBIRUBA;BRITA IBIRUBA;B:\NOVO00_Nossos_Clientes\BRITA IBIRUBA - 0056\BRITA IBIRUBA - 001 | novas:12 existentes:20
OK;0046;001;BRITADOR TUPY;BRITADOR TUPY;B:\NOVO00_Nossos_Clientes\BRITADOR TUPY - 0046\BRITADOR TUPY - 001 | novas:12 existentes:20
OK;0204;001;BRITAGEM SOLEDADE RS;BRITAGEM SOLEDADE RS;B:\NOVO00_Nossos_Clientes\BRITAGEM SOLEDADE RS - 0204\BRITAGEM SOLEDADE RS - 001 | novas:12 existentes:20
OK;0025;001;BRITAXAN;BRITAXAN;B:\NOVO00_Nossos_Clientes\BRITAXAN - 0025\BRITAXAN - 001 | novas:12 existentes:20
OK;0215;001;BRITEK;BRITEK;B:\NOVO00_Nossos_Clientes\BRITEK - 0215\BRITEK - 001 | novas:12 existentes:20
OK;0192;001;CA BRITAGEM;CA BRITAGEM;B:\NOVO00_Nossos_Clientes\CA BRITAGEM - 0192\CA BRITAGEM - 001 | novas:12 existentes:20
OK;0095;001;CABEL;CABEL;B:\NOVO00_Nossos_Clientes\CABEL - 0095\CABEL - 001 | novas:12 existentes:20
OK;0189;001;CAITA SUPERMERCADOS CL;CAITA SUPERMERCADOS;B:\NOVO00_Nossos_Clientes\CAITA SUPERMERCADOS CL - 0189\CAITA SUPERMERCADOS - 001 | novas:12 existentes:20
OK;0090;001;CALDLASER;CALDLASER;B:\NOVO00_Nossos_Clientes\CALDLASER - 0090\CALDLASER - 001 | novas:12 existentes:20
OK;0223;001;CALIENDO METALURGIA;CALIENDO METALURGIA;B:\NOVO00_Nossos_Clientes\CALIENDO METALURGIA - 0223\CALIENDO METALURGIA - 001 | novas:12 existentes:20
OK;0266;001;CAMPUSMORAO CONSTRUCAO;CAMPUSMORAO CONSTRUCAO;B:\NOVO00_Nossos_Clientes\CAMPUSMORAO CONSTRUCAO - 0266\CAMPUSMORAO CONSTRUCAO - 001 | novas:12 existentes:20
OK;0133;001;CAPRINI;CAPRINI;B:\NOVO00_Nossos_Clientes\CAPRINI - 0133\CAPRINI - 001 | novas:12 existentes:20
OK;0244;001;CASARINI;CASARINI;B:\NOVO00_Nossos_Clientes\CASARINI - 0244\CASARINI - 001 | novas:12 existentes:20
OK;0020;001;CASTERSUL;CASTERSUL;B:\NOVO00_Nossos_Clientes\CASTERSUL - 0020\CASTERSUL - 001 | novas:12 existentes:20
OK;0205;001;CEAM LTDA;CEAM LTDA;B:\NOVO00_Nossos_Clientes\CEAM LTDA - 0205\CEAM LTDA - 001 | novas:12 existentes:20
OK;0037;001;CENTRO OESTE VIDROS;CENTRO OESTE VIDROS;B:\NOVO00_Nossos_Clientes\CENTRO OESTE VIDROS - 0037\CENTRO OESTE VIDROS - 001 | novas:12 existentes:20
OK;0005;001;CEOLIN E CIA;CEOLIN E CIA;B:\NOVO00_Nossos_Clientes\CEOLIN E CIA - 0005\CEOLIN E CIA - 001 | novas:12 existentes:20
OK;0193;001;CERAMICA BRASIL;CERAMICA BRASIL;B:\NOVO00_Nossos_Clientes\CERAMICA BRASIL - 0193\CERAMICA BRASIL - 001 | novas:12 existentes:20
OK;0137;001;CERAMICA OURITELHA;CERAMICA OURITELHA;B:\NOVO00_Nossos_Clientes\CERAMICA OURITELHA - 0137\CERAMICA OURITELHA - 001 | novas:12 existentes:20
OK;0082;001;CERB CONSTRUTORA;CERB CONSTRUTORA;B:\NOVO00_Nossos_Clientes\CERB CONSTRUTORA - 0082\CERB CONSTRUTORA - 001 | novas:12 existentes:20
OK;0232;001;CEREAIS FAROTTI;CEREAIS FAROTTI;B:\NOVO00_Nossos_Clientes\CEREAIS FAROTTI - 0232\CEREAIS FAROTTI - 001 | novas:12 existentes:20
OK;0091;001;CEREALISTA MARX;CEREALISTA MARX;B:\NOVO00_Nossos_Clientes\CEREALISTA MARX - 0091\CEREALISTA MARX - 001 | novas:12 existentes:20
OK;0023;001;CHAPEMEC I5;CHAPEMEC I5;B:\NOVO00_Nossos_Clientes\CHAPEMEC I5 - 0023\CHAPEMEC I5 - 001 | novas:12 existentes:20
OK;0272;001;CHOCOCIA;CHOCOCIA;B:\NOVO00_Nossos_Clientes\CHOCOCIA - 0272\CHOCOCIA - 001 | novas:12 existentes:20
OK;0245;001;CLAUDIA ALIMENTOS;CLAUDIA ALIMENTOS;B:\NOVO00_Nossos_Clientes\CLAUDIA ALIMENTOS - 0245\CLAUDIA ALIMENTOS - 001 | novas:12 existentes:20
OK;0224;001;CLEONES;CLEONES;B:\NOVO00_Nossos_Clientes\CLEONES - 0224\CLEONES - 001 | novas:12 existentes:20
OK;0206;001;COACRIS;COACRIS;B:\NOVO00_Nossos_Clientes\COACRIS - 0206\COACRIS - 001 | novas:12 existentes:20
OK;0069;001;COAPIL;COAPIL;B:\NOVO00_Nossos_Clientes\COAPIL - 0069\COAPIL - 001 | novas:12 existentes:20
OK;0029;001;COMERCIAL REIS;COMERCIAL REIS L01;B:\NOVO00_Nossos_Clientes\COMERCIAL REIS - 0029\COMERCIAL REIS L01 - 001 | novas:12 existentes:20
OK;0029;002;COMERCIAL REIS;COMERCIAL REIS L02;B:\NOVO00_Nossos_Clientes\COMERCIAL REIS - 0029\COMERCIAL REIS L02 - 002 | novas:12 existentes:20
OK;0029;003;COMERCIAL REIS;COMERCIAL REIS L03;B:\NOVO00_Nossos_Clientes\COMERCIAL REIS - 0029\COMERCIAL REIS L03 - 003 | novas:12 existentes:20
OK;0029;004;COMERCIAL REIS;COMERCIAL REIS L04;B:\NOVO00_Nossos_Clientes\COMERCIAL REIS - 0029\COMERCIAL REIS L04 - 004 | novas:12 existentes:20
OK;0029;005;COMERCIAL REIS;COMERCIAL REIS L05;B:\NOVO00_Nossos_Clientes\COMERCIAL REIS - 0029\COMERCIAL REIS L05 - 005 | novas:12 existentes:20
OK;0029;006;COMERCIAL REIS;COMERCIAL REIS L06;B:\NOVO00_Nossos_Clientes\COMERCIAL REIS - 0029\COMERCIAL REIS L06 - 006 | novas:12 existentes:20
OK;0029;007;COMERCIAL REIS;COMERCIAL REIS L07;B:\NOVO00_Nossos_Clientes\COMERCIAL REIS - 0029\COMERCIAL REIS L07 - 007 | novas:12 existentes:20
OK;0029;008;COMERCIAL REIS;COMERCIAL REIS L08;B:\NOVO00_Nossos_Clientes\COMERCIAL REIS - 0029\COMERCIAL REIS L08 - 008 | novas:12 existentes:20
OK;0029;009;COMERCIAL REIS;COMERCIAL REIS L09;B:\NOVO00_Nossos_Clientes\COMERCIAL REIS - 0029\COMERCIAL REIS L09 - 009 | novas:12 existentes:20
OK;0029;010;COMERCIAL REIS;COMERCIAL REIS L10;B:\NOVO00_Nossos_Clientes\COMERCIAL REIS - 0029\COMERCIAL REIS L10 - 010 | novas:12 existentes:20
OK;0029;011;COMERCIAL REIS;COMERCIAL REIS L11;B:\NOVO00_Nossos_Clientes\COMERCIAL REIS - 0029\COMERCIAL REIS L11 - 011 | novas:12 existentes:20
OK;0029;012;COMERCIAL REIS;COMERCIAL REIS L12;B:\NOVO00_Nossos_Clientes\COMERCIAL REIS - 0029\COMERCIAL REIS L12 - 012 | novas:12 existentes:20
OK;0029;013;COMERCIAL REIS;COMERCIAL REIS L13;B:\NOVO00_Nossos_Clientes\COMERCIAL REIS - 0029\COMERCIAL REIS L13 - 013 | novas:12 existentes:20
OK;0029;014;COMERCIAL REIS;COMERCIAL REIS L14;B:\NOVO00_Nossos_Clientes\COMERCIAL REIS - 0029\COMERCIAL REIS L14 - 014 | novas:12 existentes:20
OK;0029;015;COMERCIAL REIS;COMERCIAL REIS L15;B:\NOVO00_Nossos_Clientes\COMERCIAL REIS - 0029\COMERCIAL REIS L15 - 015 | novas:12 existentes:20
OK;0029;016;COMERCIAL REIS;COMERCIAL REIS L17;B:\NOVO00_Nossos_Clientes\COMERCIAL REIS - 0029\COMERCIAL REIS L17 - 016 | novas:12 existentes:20
OK;0029;017;COMERCIAL REIS;COMERCIAL REIS L18;B:\NOVO00_Nossos_Clientes\COMERCIAL REIS - 0029\COMERCIAL REIS L18 - 017 | novas:12 existentes:20
OK;0029;018;COMERCIAL REIS;COMERCIAL REIS L19;B:\NOVO00_Nossos_Clientes\COMERCIAL REIS - 0029\COMERCIAL REIS L19 - 018 | novas:12 existentes:20
OK;0029;019;COMERCIAL REIS;COMERCIAL REIS L20;B:\NOVO00_Nossos_Clientes\COMERCIAL REIS - 0029\COMERCIAL REIS L20 - 019 | novas:12 existentes:20
OK;0029;020;COMERCIAL REIS;COMERCIAL REIS L21;B:\NOVO00_Nossos_Clientes\COMERCIAL REIS - 0029\COMERCIAL REIS L21 - 020 | novas:12 existentes:20
OK;0029;021;COMERCIAL REIS;COMERCIAL REIS L22;B:\NOVO00_Nossos_Clientes\COMERCIAL REIS - 0029\COMERCIAL REIS L22 - 021 | novas:12 existentes:20
OK;0029;022;COMERCIAL REIS;COMERCIAL REIS L23;B:\NOVO00_Nossos_Clientes\COMERCIAL REIS - 0029\COMERCIAL REIS L23 - 022 | novas:12 existentes:20
OK;0029;023;COMERCIAL REIS;COMERCIAL REIS L24;B:\NOVO00_Nossos_Clientes\COMERCIAL REIS - 0029\COMERCIAL REIS L24 - 023 | novas:12 existentes:20
OK;0029;024;COMERCIAL REIS;COMERCIAL REIS L25;B:\NOVO00_Nossos_Clientes\COMERCIAL REIS - 0029\COMERCIAL REIS L25 - 024 | novas:12 existentes:20
OK;0029;025;COMERCIAL REIS;COMERCIAL REIS L26;B:\NOVO00_Nossos_Clientes\COMERCIAL REIS - 0029\COMERCIAL REIS L26 - 025 | novas:12 existentes:20
OK;0038;001;COMIVA;COMIVA P;B:\NOVO00_Nossos_Clientes\COMIVA - 0038\COMIVA P - 001 | novas:12 existentes:20
OK;0038;002;COMIVA;COMIVA M;B:\NOVO00_Nossos_Clientes\COMIVA - 0038\COMIVA M - 002 | novas:12 existentes:20
OK;0154;001;COMPENSADOS CORONEL CL;COMPENSADOS CORONEL;B:\NOVO00_Nossos_Clientes\COMPENSADOS CORONEL CL - 0154\COMPENSADOS CORONEL - 001 | novas:12 existentes:20
OK;0030;001;CONCREVALLE;CONCREVALLE;B:\NOVO00_Nossos_Clientes\CONCREVALLE - 0030\CONCREVALLE - 001 | novas:12 existentes:20
OK;0048;001;CONCREXAP;CONCREXAP;B:\NOVO00_Nossos_Clientes\CONCREXAP - 0048\CONCREXAP - 001 | novas:12 existentes:20
OK;0050;001;CONDOVILLE;CONDOVILLE;B:\NOVO00_Nossos_Clientes\CONDOVILLE - 0050\CONDOVILLE - 001 | novas:12 existentes:20
OK;0041;001;CONFINA;CONFINA FRIGORIFICO;B:\NOVO00_Nossos_Clientes\CONFINA - 0041\CONFINA FRIGORIFICO - 001 | novas:12 existentes:20
OK;0041;002;CONFINA;CONFINA GRAXARIA;B:\NOVO00_Nossos_Clientes\CONFINA - 0041\CONFINA GRAXARIA - 002 | novas:12 existentes:20
OK;0041;003;CONFINA;CONFINA RAÇÕES;B:\NOVO00_Nossos_Clientes\CONFINA - 0041\CONFINA RAÇÕES - 003 | novas:12 existentes:20
OK;0233;001;CONSTROIL;CONSTROIL;B:\NOVO00_Nossos_Clientes\CONSTROIL - 0233\CONSTROIL - 001 | novas:12 existentes:20
OK;0059;001;CONSTRUTORA RIOMAX;CONSTRUTORA RIOMAX;B:\NOVO00_Nossos_Clientes\CONSTRUTORA RIOMAX - 0059\CONSTRUTORA RIOMAX - 001 | novas:12 existentes:20
OK;0021;001;COOP PASTORIL;COOP PASTORIL;B:\NOVO00_Nossos_Clientes\COOP PASTORIL - 0021\COOP PASTORIL - 001 | novas:12 existentes:20
OK;0015;001;COOPECA;COOPECA;B:\NOVO00_Nossos_Clientes\COOPECA - 0015\COOPECA - 001 | novas:12 existentes:20
OK;0076;001;CYCLEVIDRO;CYCLEVIDRO;B:\NOVO00_Nossos_Clientes\CYCLEVIDRO - 0076\CYCLEVIDRO - 001 | novas:12 existentes:20
OK;0096;001;DANGLASS;DANGLASS;B:\NOVO00_Nossos_Clientes\DANGLASS - 0096\DANGLASS - 001 | novas:12 existentes:20
OK;0008;001;DEALE;DEALE M;B:\NOVO00_Nossos_Clientes\DEALE - 0008\DEALE M - 001 | novas:12 existentes:20
OK;0008;002;DEALE;DEALE F;B:\NOVO00_Nossos_Clientes\DEALE - 0008\DEALE F - 002 | novas:12 existentes:20
OK;0246;001;DEBONY;DEBONY;B:\NOVO00_Nossos_Clientes\DEBONY - 0246\DEBONY - 001 | novas:12 existentes:20
OK;0172;001;DEGRAFICA;DEGRAFICA;B:\NOVO00_Nossos_Clientes\DEGRAFICA - 0172\DEGRAFICA - 001 | novas:12 existentes:20
OK;0036;001;DEZ ALIMENTOS;DEZ ALIMENTOS;B:\NOVO00_Nossos_Clientes\DEZ ALIMENTOS - 0036\DEZ ALIMENTOS - 001 | novas:12 existentes:20
OK;0036;002;DEZ ALIMENTOS;DEZ ALIMENTOS 10000921660;B:\NOVO00_Nossos_Clientes\DEZ ALIMENTOS - 0036\DEZ ALIMENTOS 10000921660 - 002 | novas:12 existentes:20
OK;0036;003;DEZ ALIMENTOS;DEZ ALIMENTOS 10007958771;B:\NOVO00_Nossos_Clientes\DEZ ALIMENTOS - 0036\DEZ ALIMENTOS 10007958771 - 003 | novas:12 existentes:20
OK;0036;004;DEZ ALIMENTOS;DEZ ALIMENTOS 10014027877;B:\NOVO00_Nossos_Clientes\DEZ ALIMENTOS - 0036\DEZ ALIMENTOS 10014027877 - 004 | novas:12 existentes:20
OK;0036;005;DEZ ALIMENTOS;DEZ ALIMENTOS 10024713463;B:\NOVO00_Nossos_Clientes\DEZ ALIMENTOS - 0036\DEZ ALIMENTOS 10024713463 - 005 | novas:12 existentes:20
OK;0036;006;DEZ ALIMENTOS;DEZ ALIMENTOS 10027377006;B:\NOVO00_Nossos_Clientes\DEZ ALIMENTOS - 0036\DEZ ALIMENTOS 10027377006 - 006 | novas:12 existentes:20
OK;0036;007;DEZ ALIMENTOS;DEZ ALIMENTOS 150093378;B:\NOVO00_Nossos_Clientes\DEZ ALIMENTOS - 0036\DEZ ALIMENTOS 150093378 - 007 | novas:12 existentes:20
OK;0036;008;DEZ ALIMENTOS;DEZ ALIMENTOS 150110790;B:\NOVO00_Nossos_Clientes\DEZ ALIMENTOS - 0036\DEZ ALIMENTOS 150110790 - 008 | novas:12 existentes:20
OK;0036;009;DEZ ALIMENTOS;DEZ ALIMENTOS 150114140;B:\NOVO00_Nossos_Clientes\DEZ ALIMENTOS - 0036\DEZ ALIMENTOS 150114140 - 009 | novas:12 existentes:20
OK;0036;010;DEZ ALIMENTOS;DEZ ALIMENTOS 150147545;B:\NOVO00_Nossos_Clientes\DEZ ALIMENTOS - 0036\DEZ ALIMENTOS 150147545 - 010 | novas:12 existentes:20
OK;0036;011;DEZ ALIMENTOS;DEZ ALIMENTOS 150153545;B:\NOVO00_Nossos_Clientes\DEZ ALIMENTOS - 0036\DEZ ALIMENTOS 150153545 - 011 | novas:12 existentes:20
OK;0036;012;DEZ ALIMENTOS;DEZ ALIMENTOS 3570008391;B:\NOVO00_Nossos_Clientes\DEZ ALIMENTOS - 0036\DEZ ALIMENTOS 3570008391 - 012 | novas:12 existentes:20
OK;0036;013;DEZ ALIMENTOS;DEZ ALIMENTOS 3570009139;B:\NOVO00_Nossos_Clientes\DEZ ALIMENTOS - 0036\DEZ ALIMENTOS 3570009139 - 013 | novas:12 existentes:20
OK;0036;014;DEZ ALIMENTOS;DEZ ALIMENTOS 2115;B:\NOVO00_Nossos_Clientes\DEZ ALIMENTOS - 0036\DEZ ALIMENTOS 2115 - 014 | novas:12 existentes:20
OK;0255;001;DFV COLOR SUL;DFV COLOR SUL;B:\NOVO00_Nossos_Clientes\DFV COLOR SUL - 0255\DFV COLOR SUL - 001 | novas:12 existentes:20
OK;0092;001;DOMPEL;DOMPEL;B:\NOVO00_Nossos_Clientes\DOMPEL - 0092\DOMPEL - 001 | novas:12 existentes:20
OK;0267;001;DORF KETAL RJ;DORF KETAL RJ;B:\NOVO00_Nossos_Clientes\DORF KETAL RJ - 0267\DORF KETAL RJ - 001 | novas:12 existentes:20
OK;0114;001;DRYKO;DRYKO;B:\NOVO00_Nossos_Clientes\DRYKO - 0114\DRYKO - 001 | novas:12 existentes:20
OK;0063;001;EKOPLASTIC;EKOPLASTIC;B:\NOVO00_Nossos_Clientes\EKOPLASTIC - 0063\EKOPLASTIC - 001 | novas:12 existentes:20
OK;0194;001;ESPAS BRASIL;ESPAS BRASIL;B:\NOVO00_Nossos_Clientes\ESPAS BRASIL - 0194\ESPAS BRASIL - 001 | novas:12 existentes:20
OK;0257;001;EXPRESSO RIO GUAIBA;EXPRESSO RIO GUAIBA;B:\NOVO00_Nossos_Clientes\EXPRESSO RIO GUAIBA - 0257\EXPRESSO RIO GUAIBA - 001 | novas:12 existentes:20
OK;0129;001;EZY COLOR;EZY COLOR;B:\NOVO00_Nossos_Clientes\EZY COLOR - 0129\EZY COLOR - 001 | novas:12 existentes:20
OK;0141;001;FABONE ARAPONGAS;FABONE ARAPONGAS;B:\NOVO00_Nossos_Clientes\FABONE ARAPONGAS - 0141\FABONE ARAPONGAS - 001 | novas:12 existentes:20
OK;0234;001;FALUB;FALUB;B:\NOVO00_Nossos_Clientes\FALUB - 0234\FALUB - 001 | novas:12 existentes:20
OK;0093;001;FAQUILAMINAS;FAQUILAMINAS;B:\NOVO00_Nossos_Clientes\FAQUILAMINAS - 0093\FAQUILAMINAS - 001 | novas:12 existentes:20
OK;0097;001;FBC INDUSTRIA;FBC INDUSTRIA;B:\NOVO00_Nossos_Clientes\FBC INDUSTRIA - 0097\FBC INDUSTRIA - 001 | novas:12 existentes:20
OK;0216;001;FENIX FOODS;FENIX FOODS;B:\NOVO00_Nossos_Clientes\FENIX FOODS - 0216\FENIX FOODS - 001 | novas:12 existentes:20
OK;0160;001;FEP USINAGEM CL;FEP USINAGEM;B:\NOVO00_Nossos_Clientes\FEP USINAGEM CL - 0160\FEP USINAGEM - 001 | novas:12 existentes:20
OK;0217;001;FERNANDES TEXTIL;FERNANDES TEXTIL;B:\NOVO00_Nossos_Clientes\FERNANDES TEXTIL - 0217\FERNANDES TEXTIL - 001 | novas:12 existentes:20
OK;0218;001;FINETORNOS FERRAM;FINETORNOS FERRAM;B:\NOVO00_Nossos_Clientes\FINETORNOS FERRAM - 0218\FINETORNOS FERRAM - 001 | novas:12 existentes:20
OK;0195;001;FISH DO BRAZIL CL;FISH DO BRAZIL;B:\NOVO00_Nossos_Clientes\FISH DO BRAZIL CL - 0195\FISH DO BRAZIL - 001 | novas:12 existentes:20
OK;0227;001;FLYER IND AERONAUTICA;FLYER IND AERONAUTICA;B:\NOVO00_Nossos_Clientes\FLYER IND AERONAUTICA - 0227\FLYER IND AERONAUTICA - 001 | novas:12 existentes:20
OK;0051;001;FMG FERRO LIGAS;FMG FERRO LIGAS M;B:\NOVO00_Nossos_Clientes\FMG FERRO LIGAS - 0051\FMG FERRO LIGAS M - 001 | novas:12 existentes:20
OK;0051;002;FMG FERRO LIGAS;FMG FERRO LIGAS F;B:\NOVO00_Nossos_Clientes\FMG FERRO LIGAS - 0051\FMG FERRO LIGAS F - 002 | novas:12 existentes:20
OK;0142;001;FORMAPLAS;FORMAPLAS;B:\NOVO00_Nossos_Clientes\FORMAPLAS - 0142\FORMAPLAS - 001 | novas:12 existentes:20
OK;0173;001;FRANGOIANO;FRANGOIANO;B:\NOVO00_Nossos_Clientes\FRANGOIANO - 0173\FRANGOIANO - 001 | novas:12 existentes:20
OK;0263;001;FRATTE;FRATTE;B:\NOVO00_Nossos_Clientes\FRATTE - 0263\FRATTE - 001 | novas:12 existentes:20
OK;0130;001;FRIGOIBI;FRIGOIBI;B:\NOVO00_Nossos_Clientes\FRIGOIBI - 0130\FRIGOIBI - 001 | novas:12 existentes:20
OK;0258;001;FRIGORIFICO SANTA MARIA;FRIGORIFICO SANTA MARIA;B:\NOVO00_Nossos_Clientes\FRIGORIFICO SANTA MARIA - 0258\FRIGORIFICO SANTA MARIA - 001 | novas:12 existentes:20
OK;0152;001;FRIOCENTER CL;FRIOCENTER;B:\NOVO00_Nossos_Clientes\FRIOCENTER CL - 0152\FRIOCENTER - 001 | novas:12 existentes:20
OK;0009;001;FRIOLACK;FRIOLACK;B:\NOVO00_Nossos_Clientes\FRIOLACK - 0009\FRIOLACK - 001 | novas:12 existentes:20
OK;0031;001;FUNDICAO LUZITANA;FUNDICAO LUZITANA;B:\NOVO00_Nossos_Clientes\FUNDICAO LUZITANA - 0031\FUNDICAO LUZITANA - 001 | novas:12 existentes:20
OK;0119;001;GAYGER;GAYGER;B:\NOVO00_Nossos_Clientes\GAYGER - 0119\GAYGER - 001 | novas:12 existentes:20
OK;0182;001;GEMELLI SORVETES;GEMELLI SORVETES;B:\NOVO00_Nossos_Clientes\GEMELLI SORVETES - 0182\GEMELLI SORVETES - 001 | novas:12 existentes:20
OK;0174;001;GESLA;GESLA;B:\NOVO00_Nossos_Clientes\GESLA - 0174\GESLA - 001 | novas:12 existentes:20
OK;0078;001;GIGLIO;GIGLIO;B:\NOVO00_Nossos_Clientes\GIGLIO - 0078\GIGLIO - 001 | novas:12 existentes:20
OK;0078;002;GIGLIO;FABRIL;B:\NOVO00_Nossos_Clientes\GIGLIO - 0078\FABRIL - 002 | novas:12 existentes:20
OK;0115;001;GIRASSOL ALIMENTOS;GIRASSOL ALIMENTOS;B:\NOVO00_Nossos_Clientes\GIRASSOL ALIMENTOS - 0115\GIRASSOL ALIMENTOS - 001 | novas:12 existentes:20
OK;0183;001;GLOBO INOX FILIAL;GLOBO INOX FILIAL;B:\NOVO00_Nossos_Clientes\GLOBO INOX FILIAL - 0183\GLOBO INOX FILIAL - 001 | novas:12 existentes:20
OK;0042;001;GLOBORR;GLOBORR;B:\NOVO00_Nossos_Clientes\GLOBORR - 0042\GLOBORR - 001 | novas:12 existentes:20
OK;0256;001;GR EXTRACAO - PONTA GROSSA;GR EXTRACAO - PONTA GROSSA;B:\NOVO00_Nossos_Clientes\GR EXTRACAO - PONTA GROSSA - 0256\GR EXTRACAO - PONTA GROSSA - 001 | novas:12 existentes:20
OK;0136;001;GRAFFTEX;GRAFFTEX;B:\NOVO00_Nossos_Clientes\GRAFFTEX - 0136\GRAFFTEX - 001 | novas:12 existentes:20
OK;0247;001;GRUNDER FANKHAUSER;GRUNDER FANKHAUSER;B:\NOVO00_Nossos_Clientes\GRUNDER FANKHAUSER - 0247\GRUNDER FANKHAUSER - 001 | novas:12 existentes:20
OK;0123;001;GRUPO SOLAR;GRUPO SOLAR NATUROVOS;B:\NOVO00_Nossos_Clientes\GRUPO SOLAR - 0123\GRUPO SOLAR NATUROVOS - 001 | novas:12 existentes:20
OK;0123;002;GRUPO SOLAR;GRUPO SOLAR MERCADO;B:\NOVO00_Nossos_Clientes\GRUPO SOLAR - 0123\GRUPO SOLAR MERCADO - 002 | novas:12 existentes:20
OK;0123;003;GRUPO SOLAR;GRUPO SOLAR VACARIA;B:\NOVO00_Nossos_Clientes\GRUPO SOLAR - 0123\GRUPO SOLAR VACARIA - 003 | novas:12 existentes:20
OK;0264;001;HASTECROM CROMO;HASTECROM CROMO;B:\NOVO00_Nossos_Clientes\HASTECROM CROMO - 0264\HASTECROM CROMO - 001 | novas:12 existentes:20
OK;0207;001;HB INDUSTRIA DE BEBIDAS;HB INDUSTRIA DE BEBIDAS;B:\NOVO00_Nossos_Clientes\HB INDUSTRIA DE BEBIDAS - 0207\HB INDUSTRIA DE BEBIDAS - 001 | novas:12 existentes:20
OK;0219;001;HERNANDES FIM;HERNANDES FIM;B:\NOVO00_Nossos_Clientes\HERNANDES FIM - 0219\HERNANDES FIM - 001 | novas:12 existentes:20
OK;0161;001;HIPER FORTE INDUSTRIA;HIPER FORTE 94846040;B:\NOVO00_Nossos_Clientes\HIPER FORTE INDUSTRIA - 0161\HIPER FORTE 94846040 - 001 | novas:12 existentes:20
OK;0161;002;HIPER FORTE INDUSTRIA;HIPER FORTE 92345951;B:\NOVO00_Nossos_Clientes\HIPER FORTE INDUSTRIA - 0161\HIPER FORTE 92345951 - 002 | novas:12 existentes:20
OK;0162;001;HOTEL BEIRA RIO;HOTEL BEIRA RIO;B:\NOVO00_Nossos_Clientes\HOTEL BEIRA RIO - 0162\HOTEL BEIRA RIO - 001 | novas:12 existentes:20
OK;0006;001;HT MICRON;HT MICRON;B:\NOVO00_Nossos_Clientes\HT MICRON - 0006\HT MICRON - 001 | novas:12 existentes:20
OK;0208;001;HWASHIN;HWASHIN;B:\NOVO00_Nossos_Clientes\HWASHIN - 0208\HWASHIN - 001 | novas:12 existentes:20
OK;0016;001;HYVA;HYVA;B:\NOVO00_Nossos_Clientes\HYVA - 0016\HYVA - 001 | novas:12 existentes:20
OK;0070;001;ICO METAIS;ICO METAIS 40223528;B:\NOVO00_Nossos_Clientes\ICO METAIS - 0070\ICO METAIS 40223528 - 001 | novas:12 existentes:20
OK;0070;002;ICO METAIS;ICO METAIS 10012762693;B:\NOVO00_Nossos_Clientes\ICO METAIS - 0070\ICO METAIS 10012762693 - 002 | novas:12 existentes:20
OK;0070;003;ICO METAIS;ICO METAIS 40180086;B:\NOVO00_Nossos_Clientes\ICO METAIS - 0070\ICO METAIS 40180086 - 003 | novas:12 existentes:20
OK;0070;004;ICO METAIS;ICO METAIS 40189119;B:\NOVO00_Nossos_Clientes\ICO METAIS - 0070\ICO METAIS 40189119 - 004 | novas:12 existentes:20
OK;0259;001;INATEC;INATEC;B:\NOVO00_Nossos_Clientes\INATEC - 0259\INATEC - 001 | novas:12 existentes:20
OK;0019;001;INBRAPE;INBRAPE GUAIBA;B:\NOVO00_Nossos_Clientes\INBRAPE - 0019\INBRAPE GUAIBA - 001 | novas:12 existentes:20
OK;0019;002;INBRAPE;INBRAPE CACHOEIRINHA;B:\NOVO00_Nossos_Clientes\INBRAPE - 0019\INBRAPE CACHOEIRINHA - 002 | novas:12 existentes:20
OK;0243;001;INBRAPE VAR SP;INBRAPE VAR SP;B:\NOVO00_Nossos_Clientes\INBRAPE VAR SP - 0243\INBRAPE VAR SP - 001 | novas:12 existentes:20
OK;0268;001;INDUPACK;INDUPACK;B:\NOVO00_Nossos_Clientes\INDUPACK - 0268\INDUPACK - 001 | novas:12 existentes:20
OK;0052;001;INDUSTRIA BRAIDO;INDUSTRIA BRAIDO;B:\NOVO00_Nossos_Clientes\INDUSTRIA BRAIDO - 0052\INDUSTRIA BRAIDO - 001 | novas:12 existentes:20
OK;0248;001;INDUSTRIA PICCININI;INDUSTRIA PICCININI;B:\NOVO00_Nossos_Clientes\INDUSTRIA PICCININI - 0248\INDUSTRIA PICCININI - 001 | novas:12 existentes:20
OK;0209;001;INDUSTRIA PLASTICA ALVORADA;INDUSTRIA PLASTICA ALVORADA;B:\NOVO00_Nossos_Clientes\INDUSTRIA PLASTICA ALVORADA - 0209\INDUSTRIA PLASTICA ALVORADA - 001 | novas:12 existentes:20
OK;0033;001;INDUSTRIAL KF;INDUSTRIAL KF;B:\NOVO00_Nossos_Clientes\INDUSTRIAL KF - 0033\INDUSTRIAL KF - 001 | novas:12 existentes:20
OK;0196;001;IRM DO HOSP FRANC ROSAS;IRM DO HOSP FRANC ROSAS;B:\NOVO00_Nossos_Clientes\IRM DO HOSP FRANC ROSAS - 0196\IRM DO HOSP FRANC ROSAS - 001 | novas:12 existentes:20
OK;0098;001;IRRIGAPLAS;IRRIGAPLAS;B:\NOVO00_Nossos_Clientes\IRRIGAPLAS - 0098\IRRIGAPLAS - 001 | novas:12 existentes:20
OK;0124;001;ITABRAS;ITABRAS;B:\NOVO00_Nossos_Clientes\ITABRAS - 0124\ITABRAS - 001 | novas:12 existentes:20
OK;0083;001;ITAX;ITAX;B:\NOVO00_Nossos_Clientes\ITAX - 0083\ITAX - 001 | novas:12 existentes:20
OK;0120;001;ITRON;ITRON;B:\NOVO00_Nossos_Clientes\ITRON - 0120\ITRON - 001 | novas:12 existentes:20
OK;0105;001;ITT BRASIL;ITT BRASIL;B:\NOVO00_Nossos_Clientes\ITT BRASIL - 0105\ITT BRASIL - 001 | novas:12 existentes:20
OK;0026;001;ITUMBIARA TEXTIL;ITUMBIARA TEXTIL;B:\NOVO00_Nossos_Clientes\ITUMBIARA TEXTIL - 0026\ITUMBIARA TEXTIL - 001 | novas:12 existentes:20
OK;0184;001;JANTSCH;JANTSCH;B:\NOVO00_Nossos_Clientes\JANTSCH - 0184\JANTSCH - 001 | novas:12 existentes:20
OK;0125;001;JARFLEX;JARFLEX M;B:\NOVO00_Nossos_Clientes\JARFLEX - 0125\JARFLEX M - 001 | novas:12 existentes:20
OK;0125;002;JARFLEX;JARFLEX F;B:\NOVO00_Nossos_Clientes\JARFLEX - 0125\JARFLEX F - 002 | novas:12 existentes:20
OK;0249;001;JBL INDUSTRIA;JBL INDUSTRIA;B:\NOVO00_Nossos_Clientes\JBL INDUSTRIA - 0249\JBL INDUSTRIA - 001 | novas:12 existentes:20
OK;0250;001;JOLUMA;JOLUMA;B:\NOVO00_Nossos_Clientes\JOLUMA - 0250\JOLUMA - 001 | novas:12 existentes:20
OK;0197;001;JOSE CARLOS BURATI & FILHO;JOSE CARLOS BURATI & FILHO;B:\NOVO00_Nossos_Clientes\JOSE CARLOS BURATI & FILHO - 0197\JOSE CARLOS BURATI & FILHO - 001 | novas:12 existentes:20
OK;0022;001;KELLY METAIS;KELLY METAIS M;B:\NOVO00_Nossos_Clientes\KELLY METAIS - 0022\KELLY METAIS M - 001 | novas:12 existentes:20
OK;0022;002;KELLY METAIS;KELLY METAIS F;B:\NOVO00_Nossos_Clientes\KELLY METAIS - 0022\KELLY METAIS F - 002 | novas:12 existentes:20
OK;0079;001;L&D MINERADORA;L&D MINERADORA;B:\NOVO00_Nossos_Clientes\L&D MINERADORA - 0079\L&D MINERADORA - 001 | novas:12 existentes:20
OK;0067;001;LACTOVALE;LACTOVALE M;B:\NOVO00_Nossos_Clientes\LACTOVALE - 0067\LACTOVALE M - 001 | novas:12 existentes:20
OK;0067;002;LACTOVALE;LACTOVALE F;B:\NOVO00_Nossos_Clientes\LACTOVALE - 0067\LACTOVALE F - 002 | novas:12 existentes:20
OK;0067;003;LACTOVALE;LACTOVALE LAGOAS;B:\NOVO00_Nossos_Clientes\LACTOVALE - 0067\LACTOVALE LAGOAS - 003 | novas:12 existentes:20
OK;0210;001;LAMINACAO ARARAQUARA;LAMINACAO ARARAQUARA;B:\NOVO00_Nossos_Clientes\LAMINACAO ARARAQUARA - 0210\LAMINACAO ARARAQUARA - 001 | novas:12 existentes:20
OK;0274;001;LAMINADORA SAO CAETANO;LAMINADORA SAO CAETANO;B:\NOVO00_Nossos_Clientes\LAMINADORA SAO CAETANO - 0274\LAMINADORA SAO CAETANO - 001 | novas:12 existentes:20
OK;0185;001;LAMINADORA SAO JANUARIO CL;LAMINADORA SAO JANUARIO CL;B:\NOVO00_Nossos_Clientes\LAMINADORA SAO JANUARIO CL - 0185\LAMINADORA SAO JANUARIO CL - 001 | novas:12 existentes:20
OK;0121;001;LATICINIO LORENZO;LATICINIO LORENZO;B:\NOVO00_Nossos_Clientes\LATICINIO LORENZO - 0121\LATICINIO LORENZO - 001 | novas:12 existentes:20
OK;0047;001;LATICINIO SANTIAGO;LATICINIO SANTIAGO;B:\NOVO00_Nossos_Clientes\LATICINIO SANTIAGO - 0047\LATICINIO SANTIAGO - 001 | novas:12 existentes:20
OK;0225;001;LATICINIO SZURA;LATICINIO SZURA;B:\NOVO00_Nossos_Clientes\LATICINIO SZURA - 0225\LATICINIO SZURA - 001 | novas:12 existentes:20
OK;0108;001;LATICINIOS BELOS MONTES;LATICINIOS BELOS MONTES;B:\NOVO00_Nossos_Clientes\LATICINIOS BELOS MONTES - 0108\LATICINIOS BELOS MONTES - 001 | novas:12 existentes:20
OK;0198;001;LATICINIOS GALVAO;LATICINIOS GALVAO;B:\NOVO00_Nossos_Clientes\LATICINIOS GALVAO - 0198\LATICINIOS GALVAO - 001 | novas:12 existentes:20
OK;0094;001;LATICINIOS GRAN FILATA;LATICINIOS GRAN FILATA;B:\NOVO00_Nossos_Clientes\LATICINIOS GRAN FILATA - 0094\LATICINIOS GRAN FILATA - 001 | novas:12 existentes:20
OK;0143;001;LATICINIOS SARANDI;LATICINIOS SARANDI;B:\NOVO00_Nossos_Clientes\LATICINIOS SARANDI - 0143\LATICINIOS SARANDI - 001 | novas:12 existentes:20
OK;0109;001;LECACAU CHOCOLATES;LECACAU CHOCOLATES;B:\NOVO00_Nossos_Clientes\LECACAU CHOCOLATES - 0109\LECACAU CHOCOLATES - 001 | novas:12 existentes:20
OK;0116;001;LETAVO ALIMENTOS;LETAVO ALIMENTOS;B:\NOVO00_Nossos_Clientes\LETAVO ALIMENTOS - 0116\LETAVO ALIMENTOS - 001 | novas:12 existentes:20
OK;0075;001;LIDERTEX;LIDERTEX;B:\NOVO00_Nossos_Clientes\LIDERTEX - 0075\LIDERTEX - 001 | novas:12 existentes:20
OK;0099;001;LZK CONSTRUTORA;LZK CONSTRUTORA;B:\NOVO00_Nossos_Clientes\LZK CONSTRUTORA - 0099\LZK CONSTRUTORA - 001 | novas:12 existentes:20
OK;0211;001;M G FUNDICAO DE ALUMINIO;M G FUNDICAO DE ALUMINIO;B:\NOVO00_Nossos_Clientes\M G FUNDICAO DE ALUMINIO - 0211\M G FUNDICAO DE ALUMINIO - 001 | novas:12 existentes:20
OK;0155;001;MACC;MACC;B:\NOVO00_Nossos_Clientes\MACC - 0155\MACC - 001 | novas:12 existentes:20
OK;0156;001;MADEIREIRA SERBEMA CL;MADEIREIRA SERBEMA CL;B:\NOVO00_Nossos_Clientes\MADEIREIRA SERBEMA CL - 0156\MADEIREIRA SERBEMA CL - 001 | novas:12 existentes:20
OK;0126;001;MADEL;MADEL;B:\NOVO00_Nossos_Clientes\MADEL - 0126\MADEL - 001 | novas:12 existentes:20
OK;0117;001;MAR E RIO PESCADOS;MAR E RIO PESCADOS MATRIZ;B:\NOVO00_Nossos_Clientes\MAR E RIO PESCADOS - 0117\MAR E RIO PESCADOS MATRIZ - 001 | novas:12 existentes:20
OK;0117;002;MAR E RIO PESCADOS;MAR E RIO PESCADOS FILIAL;B:\NOVO00_Nossos_Clientes\MAR E RIO PESCADOS - 0117\MAR E RIO PESCADOS FILIAL - 002 | novas:12 existentes:20
OK;0212;001;MASSATEMPER;MASSATEMPER;B:\NOVO00_Nossos_Clientes\MASSATEMPER - 0212\MASSATEMPER - 001 | novas:12 existentes:20
OK;0228;001;MAXIFARMA;MAXIFARMA;B:\NOVO00_Nossos_Clientes\MAXIFARMA - 0228\MAXIFARMA - 001 | novas:12 existentes:20
OK;0011;001;MERCOSUL INDUSTRIA;MERCOSUL INDUSTRIA;B:\NOVO00_Nossos_Clientes\MERCOSUL INDUSTRIA - 0011\MERCOSUL INDUSTRIA - 001 | novas:12 existentes:20
OK;0035;001;METALDYNE;METALDYNE;B:\NOVO00_Nossos_Clientes\METALDYNE - 0035\METALDYNE - 001 | novas:12 existentes:20
OK;0251;001;METALPOSSE;METALPOSSE;B:\NOVO00_Nossos_Clientes\METALPOSSE - 0251\METALPOSSE - 001 | novas:12 existentes:20
OK;0235;001;METALTERRA;METALTERRA;B:\NOVO00_Nossos_Clientes\METALTERRA - 0235\METALTERRA - 001 | novas:12 existentes:20
OK;0273;001;METALURGICA FIMAC;METALURGICA FIMAC;B:\NOVO00_Nossos_Clientes\METALURGICA FIMAC - 0273\METALURGICA FIMAC - 001 | novas:12 existentes:20
OK;0077;001;METALURGICA JAMA;METALURGICA JAMA;B:\NOVO00_Nossos_Clientes\METALURGICA JAMA - 0077\METALURGICA JAMA - 001 | novas:12 existentes:20
OK;0236;001;METALURGICA VARB;METALURGICA VARB SP;B:\NOVO00_Nossos_Clientes\METALURGICA VARB - 0236\METALURGICA VARB SP - 001 | novas:12 existentes:20
OK;0236;002;METALURGICA VARB;METALURGICA VARB MG;B:\NOVO00_Nossos_Clientes\METALURGICA VARB - 0236\METALURGICA VARB MG - 002 | novas:12 existentes:20
OK;0043;001;MIMAPLAS;MIMAPLAS;B:\NOVO00_Nossos_Clientes\MIMAPLAS - 0043\MIMAPLAS - 001 | novas:12 existentes:20
OK;0012;001;MINASSUL;MINASSUL;B:\NOVO00_Nossos_Clientes\MINASSUL - 0012\MINASSUL - 001 | novas:12 existentes:20
OK;0110;001;MINERADORA DE AGUAS GENEBRA;MINERADORA DE AGUAS GENEBRA;B:\NOVO00_Nossos_Clientes\MINERADORA DE AGUAS GENEBRA - 0110\MINERADORA DE AGUAS GENEBRA - 001 | novas:12 existentes:20
OK;0220;001;MORADA DECOR MOVEIS;MORADA DECOR MOVEIS;B:\NOVO00_Nossos_Clientes\MORADA DECOR MOVEIS - 0220\MORADA DECOR MOVEIS - 001 | novas:12 existentes:20
OK;0101;001;MOVEIS CAFTOR;MOVEIS CAFTOR;B:\NOVO00_Nossos_Clientes\MOVEIS CAFTOR - 0101\MOVEIS CAFTOR - 001 | novas:12 existentes:20
OK;0101;002;MOVEIS CAFTOR;MOVEIS CAFTOR FILIAL;B:\NOVO00_Nossos_Clientes\MOVEIS CAFTOR - 0101\MOVEIS CAFTOR FILIAL - 002 | novas:12 existentes:20
OK;0018;001;MOVEIS CANCAO;MOVEIS CANCAO;B:\NOVO00_Nossos_Clientes\MOVEIS CANCAO - 0018\MOVEIS CANCAO - 001 | novas:12 existentes:20
OK;0131;001;MOVEIS DACHERI;MOVEIS DACHERI;B:\NOVO00_Nossos_Clientes\MOVEIS DACHERI - 0131\MOVEIS DACHERI - 001 | novas:12 existentes:20
OK;0071;001;MOVEIS SEMMER;MOVEIS SEMMER;B:\NOVO00_Nossos_Clientes\MOVEIS SEMMER - 0071\MOVEIS SEMMER - 001 | novas:12 existentes:20
OK;0060;001;MP VALVULAS;MP VALVULAS;B:\NOVO00_Nossos_Clientes\MP VALVULAS - 0060\MP VALVULAS - 001 | novas:12 existentes:20
OK;0064;001;MULTINJET;MULTINJET;B:\NOVO00_Nossos_Clientes\MULTINJET - 0064\MULTINJET - 001 | novas:12 existentes:20
OK;0237;001;MUTERSIL;MUTERSIL;B:\NOVO00_Nossos_Clientes\MUTERSIL - 0237\MUTERSIL - 001 | novas:12 existentes:20
OK;0144;001;NACIONAL ACOS INDUSTRIAL;NACIONAL ACOS INDUSTRIAL;B:\NOVO00_Nossos_Clientes\NACIONAL ACOS INDUSTRIAL - 0144\NACIONAL ACOS INDUSTRIAL - 001 | novas:12 existentes:20
OK;0138;001;NACIONAL TUBOS APE I5;NACIONAL TUBOS APE I5;B:\NOVO00_Nossos_Clientes\NACIONAL TUBOS APE I5 - 0138\NACIONAL TUBOS APE I5 - 001 | novas:12 existentes:20
OK;0163;001;NAZARETH CL;NAZARETH CL;B:\NOVO00_Nossos_Clientes\NAZARETH CL - 0163\NAZARETH CL - 001 | novas:12 existentes:20
OK;0164;001;NIQUELBRAS;NIQUELBRAS;B:\NOVO00_Nossos_Clientes\NIQUELBRAS - 0164\NIQUELBRAS - 001 | novas:12 existentes:20
OK;0032;001;NORTEVIDROS;NORTEVIDROS;B:\NOVO00_Nossos_Clientes\NORTEVIDROS - 0032\NORTEVIDROS - 001 | novas:12 existentes:20
OK;0145;001;NOVICARNES;NOVICARNES;B:\NOVO00_Nossos_Clientes\NOVICARNES - 0145\NOVICARNES - 001 | novas:12 existentes:20
OK;0165;001;OITIS HOTEL;OITIS HOTEL;B:\NOVO00_Nossos_Clientes\OITIS HOTEL - 0165\OITIS HOTEL - 001 | novas:12 existentes:20
OK;0061;001;OLIMPLASTIC;OLIMPLASTIC;B:\NOVO00_Nossos_Clientes\OLIMPLASTIC - 0061\OLIMPLASTIC - 001 | novas:12 existentes:20
OK;0229;001;ORG RELIG IRMAS CALVARIO;ORG RELIG IRMAS CALVARIO;B:\NOVO00_Nossos_Clientes\ORG RELIG IRMAS CALVARIO - 0229\ORG RELIG IRMAS CALVARIO - 001 | novas:12 existentes:20
OK;0146;001;OURO GRAN;OURO GRAN;B:\NOVO00_Nossos_Clientes\OURO GRAN - 0146\OURO GRAN - 001 | novas:12 existentes:20
OK;0132;001;P GUARAPUAVA;P GUARAPUAVA;B:\NOVO00_Nossos_Clientes\P GUARAPUAVA - 0132\P GUARAPUAVA - 001 | novas:12 existentes:20
OK;0084;001;PAVIMENTACOES SCHMITT;PAVIMENTACOES SCHMITT;B:\NOVO00_Nossos_Clientes\PAVIMENTACOES SCHMITT - 0084\PAVIMENTACOES SCHMITT - 001 | novas:12 existentes:20
OK;0080;001;PEDREIRA DALMINA;PEDREIRA DALMINA;B:\NOVO00_Nossos_Clientes\PEDREIRA DALMINA - 0080\PEDREIRA DALMINA - 001 | novas:12 existentes:20
OK;0230;001;PEDREIRA GOIOERE;PEDREIRA GOIOERE;B:\NOVO00_Nossos_Clientes\PEDREIRA GOIOERE - 0230\PEDREIRA GOIOERE - 001 | novas:12 existentes:20
OK;0057;001;PEDREIRA TRIANGULO;PEDREIRA TRIANGULO;B:\NOVO00_Nossos_Clientes\PEDREIRA TRIANGULO - 0057\PEDREIRA TRIANGULO - 001 | novas:12 existentes:20
OK;0157;001;PESCANORTE CL;PESCANORTE CL;B:\NOVO00_Nossos_Clientes\PESCANORTE CL - 0157\PESCANORTE CL - 001 | novas:12 existentes:20
OK;0081;001;PEVE FOODS;PEVE FOODS F2;B:\NOVO00_Nossos_Clientes\PEVE FOODS - 0081\PEVE FOODS F2 - 001 | novas:12 existentes:20
OK;0081;002;PEVE FOODS;PEVE FOODS F3;B:\NOVO00_Nossos_Clientes\PEVE FOODS - 0081\PEVE FOODS F3 - 002 | novas:12 existentes:20
OK;0058;001;PICCININI;PICCININI;B:\NOVO00_Nossos_Clientes\PICCININI - 0058\PICCININI - 001 | novas:12 existentes:20
OK;0085;001;PIETRO PEDRAZZA;PIETRO PEDRAZZA;B:\NOVO00_Nossos_Clientes\PIETRO PEDRAZZA - 0085\PIETRO PEDRAZZA - 001 | novas:12 existentes:20
OK;0085;002;PIETRO PEDRAZZA;FAROMAR;B:\NOVO00_Nossos_Clientes\PIETRO PEDRAZZA - 0085\FAROMAR - 002 | novas:12 existentes:20
OK;0085;003;PIETRO PEDRAZZA;DAN PEÇAS;B:\NOVO00_Nossos_Clientes\PIETRO PEDRAZZA - 0085\DAN PEÇAS - 003 | novas:12 existentes:20
OK;0147;001;PLASMA PLASTICOS SM;PLASMA PLASTICOS SM;B:\NOVO00_Nossos_Clientes\PLASMA PLASTICOS SM - 0147\PLASMA PLASTICOS SM - 001 | novas:12 existentes:20
OK;0175;001;PLASTICAL;PLASTICAL;B:\NOVO00_Nossos_Clientes\PLASTICAL - 0175\PLASTICAL - 001 | novas:12 existentes:20
OK;0238;001;PLASTICOS TRIANGULO;PLASTICOS TRIANGULO;B:\NOVO00_Nossos_Clientes\PLASTICOS TRIANGULO - 0238\PLASTICOS TRIANGULO - 001 | novas:12 existentes:20
OK;0176;001;PLASTYLOS PLASTICOS;PLASTYLOS PLASTICOS;B:\NOVO00_Nossos_Clientes\PLASTYLOS PLASTICOS - 0176\PLASTYLOS PLASTICOS - 001 | novas:12 existentes:20
OK;0190;001;PLASUNIT;PLASUNIT;B:\NOVO00_Nossos_Clientes\PLASUNIT - 0190\PLASUNIT - 001 | novas:12 existentes:20
OK;0118;001;PLEX VIDROS;PLEX VIDROS;B:\NOVO00_Nossos_Clientes\PLEX VIDROS - 0118\PLEX VIDROS - 001 | novas:12 existentes:20
OK;0044;001;POLIDEC;POLIDEC;B:\NOVO00_Nossos_Clientes\POLIDEC - 0044\POLIDEC - 001 | novas:12 existentes:20
OK;0180;001;POSTO ARGOS CL;POSTO ARGOS CL;B:\NOVO00_Nossos_Clientes\POSTO ARGOS CL - 0180\POSTO ARGOS CL - 001 | novas:12 existentes:20
OK;0179;001;POSTO INCONFIDENCIA CL;POSTO INCONFIDENCIA;B:\NOVO00_Nossos_Clientes\POSTO INCONFIDENCIA CL - 0179\POSTO INCONFIDENCIA - 001 | novas:12 existentes:20
OK;0134;001;POTY AMBIENTAL;POTY AMBIENTAL;B:\NOVO00_Nossos_Clientes\POTY AMBIENTAL - 0134\POTY AMBIENTAL - 001 | novas:12 existentes:20
OK;0134;002;POTY AMBIENTAL;FRIGOPOTI;B:\NOVO00_Nossos_Clientes\POTY AMBIENTAL - 0134\FRIGOPOTI - 002 | novas:12 existentes:20
OK;0134;003;POTY AMBIENTAL;CERVEJARIA TRIESTE;B:\NOVO00_Nossos_Clientes\POTY AMBIENTAL - 0134\CERVEJARIA TRIESTE - 003 | novas:12 existentes:20
OK;0239;001;PRINTMIDIA;PRINTMIDIA;B:\NOVO00_Nossos_Clientes\PRINTMIDIA - 0239\PRINTMIDIA - 001 | novas:12 existentes:20
OK;0127;001;PUMP AMERICA1 CL 514;PUMP AMERICA;B:\NOVO00_Nossos_Clientes\PUMP AMERICA1 CL 514 - 0127\PUMP AMERICA - 001 | novas:12 existentes:20
OK;0045;001;QUALITY TECIDOS;QUALITY TECIDOS;B:\NOVO00_Nossos_Clientes\QUALITY TECIDOS - 0045\QUALITY TECIDOS - 001 | novas:12 existentes:20
OK;0260;001;R MINAS;R MINAS;B:\NOVO00_Nossos_Clientes\R MINAS - 0260\R MINAS - 001 | novas:12 existentes:20
OK;0166;001;RAINHA ALIMENTOS;RAINHA ALIMENTOS 4000890695;B:\NOVO00_Nossos_Clientes\RAINHA ALIMENTOS - 0166\RAINHA ALIMENTOS 4000890695 - 001 | novas:12 existentes:20
OK;0166;002;RAINHA ALIMENTOS;LUIZ GIACHETTO;B:\NOVO00_Nossos_Clientes\RAINHA ALIMENTOS - 0166\LUIZ GIACHETTO - 002 | novas:12 existentes:20
OK;0166;003;RAINHA ALIMENTOS;RAINHA ALIMENTOS 4003663929;B:\NOVO00_Nossos_Clientes\RAINHA ALIMENTOS - 0166\RAINHA ALIMENTOS 4003663929 - 003 | novas:12 existentes:20
OK;0199;001;RANAC;RANAC;B:\NOVO00_Nossos_Clientes\RANAC - 0199\RANAC - 001 | novas:12 existentes:20
OK;0148;001;RAYMOUNDS;RAYMOUNDS;B:\NOVO00_Nossos_Clientes\RAYMOUNDS - 0148\RAYMOUNDS - 001 | novas:12 existentes:20
OK;0004;001;RC ALIMENTOS;RC ALIMENTOS;B:\NOVO00_Nossos_Clientes\RC ALIMENTOS - 0004\RC ALIMENTOS - 001 | novas:12 existentes:20
OK;0240;001;RECIPLASS;RECIPLASS;B:\NOVO00_Nossos_Clientes\RECIPLASS - 0240\RECIPLASS - 001 | novas:12 existentes:20
OK;0200;001;REDAN;REDAN;B:\NOVO00_Nossos_Clientes\REDAN - 0200\REDAN - 001 | novas:12 existentes:20
OK;0168;001;REDE FARROUPILHA;RF SAN FRANCISCO;B:\NOVO00_Nossos_Clientes\REDE FARROUPILHA - 0168\RF SAN FRANCISCO - 001 | novas:12 existentes:20
OK;0168;002;REDE FARROUPILHA;RF LAGOS DE IPANEMA;B:\NOVO00_Nossos_Clientes\REDE FARROUPILHA - 0168\RF LAGOS DE IPANEMA - 002 | novas:12 existentes:20
OK;0168;003;REDE FARROUPILHA;RF PEGASUS;B:\NOVO00_Nossos_Clientes\REDE FARROUPILHA - 0168\RF PEGASUS - 003 | novas:12 existentes:20
OK;0168;004;REDE FARROUPILHA;RF SANTA CLARA;B:\NOVO00_Nossos_Clientes\REDE FARROUPILHA - 0168\RF SANTA CLARA - 004 | novas:12 existentes:20
OK;0003;001;REFRIGERANTES XUK;REFRIGERANTES XUK;B:\NOVO00_Nossos_Clientes\REFRIGERANTES XUK - 0003\REFRIGERANTES XUK - 001 | novas:12 existentes:20
OK;0201;001;REISAM;REISAM;B:\NOVO00_Nossos_Clientes\REISAM - 0201\REISAM - 001 | novas:12 existentes:20
OK;0269;001;RENOVA LAVANDERIA BA;RENOVA LAVANDERIA BA;B:\NOVO00_Nossos_Clientes\RENOVA LAVANDERIA BA - 0269\RENOVA LAVANDERIA BA - 001 | novas:12 existentes:20
OK;0270;001;RESIDENCIAL QUINTA DO GOLFE;RESIDENCIAL QUINTA DO GOLFE;B:\NOVO00_Nossos_Clientes\RESIDENCIAL QUINTA DO GOLFE - 0270\RESIDENCIAL QUINTA DO GOLFE - 001 | novas:12 existentes:20
OK;0086;001;REVIPLAST;REVIPLAST;B:\NOVO00_Nossos_Clientes\REVIPLAST - 0086\REVIPLAST - 001 | novas:12 existentes:20
OK;0053;001;RICCI;RICCI;B:\NOVO00_Nossos_Clientes\RICCI - 0053\RICCI - 001 | novas:12 existentes:20
OK;0202;001;ROMAO GOGOLLA;ROMAO GOGOLLA;B:\NOVO00_Nossos_Clientes\ROMAO GOGOLLA - 0202\ROMAO GOGOLLA - 001 | novas:12 existentes:20
OK;0104;001;ROSFRIOS ALIMENTOS;ROSFRIOS ALIMENTOS;B:\NOVO00_Nossos_Clientes\ROSFRIOS ALIMENTOS - 0104\ROSFRIOS ALIMENTOS - 001 | novas:12 existentes:20
OK;0158;001;ROVEMAR;ROVEMAR;B:\NOVO00_Nossos_Clientes\ROVEMAR - 0158\ROVEMAR - 001 | novas:12 existentes:20
OK;0241;001;RP REFORMADORA DE PNEUS;RP REFORMADORA DE PNEUS;B:\NOVO00_Nossos_Clientes\RP REFORMADORA DE PNEUS - 0241\RP REFORMADORA DE PNEUS - 001 | novas:12 existentes:20
OK;0186;001;RR ASSET;RR ASSET;B:\NOVO00_Nossos_Clientes\RR ASSET - 0186\RR ASSET - 001 | novas:12 existentes:20
OK;0261;001;RS RECICLA;RS RECICLA;B:\NOVO00_Nossos_Clientes\RS RECICLA - 0261\RS RECICLA - 001 | novas:12 existentes:20
OK;0149;001;SANTA CASA STA BARBARA DOESTE;SANTA CASA STA BARBARA DOESTE;B:\NOVO00_Nossos_Clientes\SANTA CASA STA BARBARA DOESTE - 0149\SANTA CASA STA BARBARA DOESTE - 001 | novas:12 existentes:20
OK;0150;001;SANTA GEMMA;SANTA GEMMA;B:\NOVO00_Nossos_Clientes\SANTA GEMMA - 0150\SANTA GEMMA - 001 | novas:12 existentes:20
OK;0135;001;SAO LEOPOLDO;SAO LEOPOLDO MATELANDIA;B:\NOVO00_Nossos_Clientes\SAO LEOPOLDO - 0135\SAO LEOPOLDO MATELANDIA - 001 | novas:12 existentes:20
OK;0135;002;SAO LEOPOLDO;SAO LEOPOLDO IPORA;B:\NOVO00_Nossos_Clientes\SAO LEOPOLDO - 0135\SAO LEOPOLDO IPORA - 002 | novas:12 existentes:20
OK;0135;003;SAO LEOPOLDO;SAO LEOPOLDO LARANJEIRAS;B:\NOVO00_Nossos_Clientes\SAO LEOPOLDO - 0135\SAO LEOPOLDO LARANJEIRAS - 003 | novas:12 existentes:20
OK;0002;001;SEAN COUROS;SEAN COUROS;B:\NOVO00_Nossos_Clientes\SEAN COUROS - 0002\SEAN COUROS - 001 | novas:12 existentes:20
OK;0040;001;SEBO SOL;SEBO SOL;B:\NOVO00_Nossos_Clientes\SEBO SOL - 0040\SEBO SOL - 001 | novas:12 existentes:20
OK;0252;001;SERRARIA CARVALHO;SERRARIA CARVALHO;B:\NOVO00_Nossos_Clientes\SERRARIA CARVALHO - 0252\SERRARIA CARVALHO - 001 | novas:12 existentes:20
OK;0221;001;STEEL LASER;STEEL LASER;B:\NOVO00_Nossos_Clientes\STEEL LASER - 0221\STEEL LASER - 001 | novas:12 existentes:20
OK;0177;001;SUPERFICIE POLIMENTO;SUPERFICIE POLIMENTO;B:\NOVO00_Nossos_Clientes\SUPERFICIE POLIMENTO - 0177\SUPERFICIE POLIMENTO - 001 | novas:12 existentes:20
OK;0010;001;SUPLAY;SUPLAY;B:\NOVO00_Nossos_Clientes\SUPLAY - 0010\SUPLAY - 001 | novas:12 existentes:20
OK;0271;001;TECMOLDIN;TECMOLDIN;B:\NOVO00_Nossos_Clientes\TECMOLDIN - 0271\TECMOLDIN - 001 | novas:12 existentes:20
OK;0191;001;TECNO-OIL;TECNO-OIL;B:\NOVO00_Nossos_Clientes\TECNO-OIL - 0191\TECNO-OIL - 001 | novas:12 existentes:20
OK;0062;001;TEM VIDROS;TEM VIDROS;B:\NOVO00_Nossos_Clientes\TEM VIDROS - 0062\TEM VIDROS - 001 | novas:12 existentes:20
OK;0054;001;TEMPER FORTE;TEMPER FORTE;B:\NOVO00_Nossos_Clientes\TEMPER FORTE - 0054\TEMPER FORTE - 001 | novas:12 existentes:20
OK;0122;001;TEMPERBRASILIA;TEMPERBRASILIA;B:\NOVO00_Nossos_Clientes\TEMPERBRASILIA - 0122\TEMPERBRASILIA - 001 | novas:12 existentes:20
OK;0128;001;TEMPERFOZ;TEMPERFOZ;B:\NOVO00_Nossos_Clientes\TEMPERFOZ - 0128\TEMPERFOZ - 001 | novas:12 existentes:20
OK;0253;001;TERMOPLASTICOS;TERMOPLASTICOS;B:\NOVO00_Nossos_Clientes\TERMOPLASTICOS - 0253\TERMOPLASTICOS - 001 | novas:12 existentes:20
OK;0151;001;TEXTIL GODOY;TEXTIL GODOY;B:\NOVO00_Nossos_Clientes\TEXTIL GODOY - 0151\TEXTIL GODOY - 001 | novas:12 existentes:20
OK;0107;001;TEXTIL ITAJA;TEXTIL ITAJA;B:\NOVO00_Nossos_Clientes\TEXTIL ITAJA - 0107\TEXTIL ITAJA - 001 | novas:12 existentes:20
OK;0178;001;TKA GUINDASTES CL;TKA GUINDASTES;B:\NOVO00_Nossos_Clientes\TKA GUINDASTES CL - 0178\TKA GUINDASTES - 001 | novas:12 existentes:20
OK;0106;001;TRATERM LTDA;TRATERM LTDA;B:\NOVO00_Nossos_Clientes\TRATERM LTDA - 0106\TRATERM LTDA - 001 | novas:12 existentes:20
OK;0013;001;TRATTEL;TRATTEL;B:\NOVO00_Nossos_Clientes\TRATTEL - 0013\TRATTEL - 001 | novas:12 existentes:20
OK;0014;001;TRITEC RS;TRITEC RS L;B:\NOVO00_Nossos_Clientes\TRITEC RS - 0014\TRITEC RS L - 001 | novas:12 existentes:20
OK;0014;002;TRITEC RS;TRITEC RS C;B:\NOVO00_Nossos_Clientes\TRITEC RS - 0014\TRITEC RS C - 002 | novas:12 existentes:20
OK;0014;003;TRITEC RS;TRITEC RS SM;B:\NOVO00_Nossos_Clientes\TRITEC RS - 0014\TRITEC RS SM - 003 | novas:12 existentes:20
OK;0072;001;UNIMED RIO VERDE;UNIMED RIO VERDE;B:\NOVO00_Nossos_Clientes\UNIMED RIO VERDE - 0072\UNIMED RIO VERDE - 001 | novas:12 existentes:20
OK;0181;001;UNIRIB VIDROS;UNIRIB VIDROS;B:\NOVO00_Nossos_Clientes\UNIRIB VIDROS - 0181\UNIRIB VIDROS - 001 | novas:12 existentes:20
OK;0159;001;V W MADEIRAS;VW MADEIRAS 90004027;B:\NOVO00_Nossos_Clientes\V W MADEIRAS - 0159\VW MADEIRAS 90004027 - 001 | novas:12 existentes:20
OK;0159;002;V W MADEIRAS;VW MADEIRAS 90004000;B:\NOVO00_Nossos_Clientes\V W MADEIRAS - 0159\VW MADEIRAS 90004000 - 002 | novas:12 existentes:20
OK;0073;001;VD FABRICA DE VIDROS;VD FABRICA DE VIDROS;B:\NOVO00_Nossos_Clientes\VD FABRICA DE VIDROS - 0073\VD FABRICA DE VIDROS - 001 | novas:12 existentes:20
OK;0089;001;VEGETALLIS;VEGETALLIS;B:\NOVO00_Nossos_Clientes\VEGETALLIS - 0089\VEGETALLIS - 001 | novas:12 existentes:20
OK;0242;001;VIDRO AGIL;VIDRO AGIL;B:\NOVO00_Nossos_Clientes\VIDRO AGIL - 0242\VIDRO AGIL - 001 | novas:12 existentes:20
OK;0102;001;VIDROBENS;VIDROBENS;B:\NOVO00_Nossos_Clientes\VIDROBENS - 0102\VIDROBENS - 001 | novas:12 existentes:20
OK;0087;001;VITRINO;VITRINO;B:\NOVO00_Nossos_Clientes\VITRINO - 0087\VITRINO - 001 | novas:12 existentes:20
OK;0262;001;WGK INDUSTRIA MECANICA;WGK INDUSTRIA MECANICA;B:\NOVO00_Nossos_Clientes\WGK INDUSTRIA MECANICA - 0262\WGK INDUSTRIA MECANICA - 001 | novas:12 existentes:20
OK;0039;001;ZETA PLASTICOS;ZETA PLASTICOS;B:\NOVO00_Nossos_Clientes\ZETA PLASTICOS - 0039\ZETA PLASTICOS - 001 | novas:12 existentes:20
OK;0213;001;ZOBELE DO BRASIL;ZOBELE DO BRASIL;B:\NOVO00_Nossos_Clientes\ZOBELE DO BRASIL - 0213\ZOBELE DO BRASIL - 001 | novas:12 existentes:20
